{"cameraMode":{"drawMode":0,"name":"Shaded","section":"Shading Mode"},"sceneLighting":false,"audioPlay":false,"sceneViewState":{"m_AlwaysRefresh":true,"showFog":true,"showSkybox":false,"showFlares":true,"showImageEffects":true,"showParticleSystems":true,"showVisualEffectGraphs":true,"m_FxEnabled":true},"in2DMode":false,"pivot":{"x":0.41776037216186526,"y":1.1574482917785645,"z":1.474393367767334},"rotation":{"x":-0.16546989977359773,"y":0.7668984532356262,"z":-0.21870727837085725,"w":-0.5802201628684998},"size":65.49637603759766,"orthographic":false}