{"cameraMode":{"drawMode":0,"name":"Shaded","section":"Shading Mode"},"sceneLighting":true,"audioPlay":false,"sceneViewState":{"m_AlwaysRefresh":true,"showFog":true,"showSkybox":true,"showFlares":true,"showImageEffects":true,"showParticleSystems":true,"showVisualEffectGraphs":true,"m_FxEnabled":true},"in2DMode":false,"pivot":{"x":19.723567962646486,"y":2.477323293685913,"z":7.702817916870117},"rotation":{"x":0.17910560965538026,"y":0.5813871026039124,"z":-0.13304632902145387,"w":0.782486617565155},"size":18.098512649536134,"orthographic":true}