{"cameraMode":{"drawMode":0,"name":"Shaded","section":"Shading Mode"},"sceneLighting":true,"audioPlay":false,"sceneViewState":{"m_AlwaysRefresh":true,"showFog":true,"showSkybox":true,"showFlares":true,"showImageEffects":true,"showParticleSystems":true,"showVisualEffectGraphs":true,"m_FxEnabled":true},"in2DMode":false,"pivot":{"x":15.712352752685547,"y":1.3566406965255738,"z":4.167381286621094},"rotation":{"x":0.039981428533792499,"y":0.6471869349479675,"z":-0.03399268537759781,"w":0.760606050491333},"size":7.136837005615234,"orthographic":true}